"Collection: Etereo","Favorite: My Favorites","Email lauraof.0820@gmail.com","Created at"
TR_05861PRV_TR.jpg,,Highlights,1/23/2025
TR_05863PRV_TR.jpg,,Highlights,1/23/2025
TR_05871PRV_TR.jpg,,Highlights,1/23/2025
TR_05875PRV_TR.jpg,,Highlights,1/23/2025
TR_05883PRV_TR.jpg,,Highlights,1/23/2025
TR_05888PRV_TR.jpg,,Highlights,1/23/2025
TR_05891PRV_TR.jpg,,Highlights,1/23/2025
TR_05894PRV_TR.jpg,,Highlights,1/23/2025
TR_05900PRV_TR.jpg,,Highlights,1/23/2025
TR_05903PRV_TR.jpg,,Highlights,1/23/2025
TR_05904PRV_TR.jpg,,Highlights,1/23/2025
TR_05909PRV_TR.jpg,,Highlights,1/23/2025
TR_05910PRV_TR.jpg,,Highlights,1/23/2025
TR_05911PRV_TR.jpg,,Highlights,1/23/2025
TR_05914PRV_TR.jpg,,Highlights,1/23/2025
TR_05916PRV_TR.jpg,,Highlights,1/23/2025
TR_05919PRV_TR.jpg,,Highlights,1/23/2025
TR_05924PRV_TR.jpg,,Highlights,1/23/2025
TR_05926PRV_TR.jpg,,Highlights,1/23/2025
TR_05927PRV_TR.jpg,,Highlights,1/23/2025
TR_05933PRV_TR.jpg,,Highlights,1/23/2025
TR_05937PRV_TR.jpg,,Highlights,1/23/2025
TR_05938PRV_TR.jpg,,Highlights,1/23/2025
TR_05947PRV_TR.jpg,,Highlights,1/23/2025
TR_05949PRV_TR.jpg,,Highlights,1/23/2025
TR_05950PRV_TR.jpg,,Highlights,1/23/2025
TR_05965PRV_TR.jpg,,Highlights,1/23/2025
TR_05970PRV_TR.jpg,,Highlights,1/23/2025
TR_05972PRV_TR.jpg,,Highlights,1/23/2025
TR_05979PRV_TR.jpg,,Highlights,1/23/2025
TR_05985PRV_TR.jpg,,Highlights,1/23/2025
TR_05986PRV_TR.jpg,,Highlights,1/23/2025
TR_05987PRV_TR.jpg,,Highlights,1/23/2025
TR_05988PRV_TR.jpg,,Highlights,1/23/2025
TR_05989PRV_TR.jpg,,Highlights,1/23/2025
TR_05992PRV_TR.jpg,,Highlights,1/23/2025
TR_06004PRV_TR.jpg,,Highlights,1/23/2025
TR_06005PRV_TR.jpg,,Highlights,1/23/2025
TR_06007PRV_TR.jpg,,Highlights,1/23/2025
TR_06009PRV_TR.jpg,,Highlights,1/23/2025
TR_06013PRV_TR.jpg,,Highlights,1/23/2025
TR_06014PRV_TR.jpg,,Highlights,1/23/2025
TR_06015PRV_TR.jpg,,Highlights,1/23/2025
TR_06016PRV_TR.jpg,,Highlights,1/23/2025
TR_06018PRV_TR.jpg,,Highlights,1/23/2025
TR_06021PRV_TR.jpg,,Highlights,1/23/2025
TR_06024PRV_TR.jpg,,Highlights,1/23/2025
TR_06027PRV_TR.jpg,,Highlights,1/23/2025
TR_06028PRV_TR.jpg,,Highlights,1/23/2025
TR_06029PRV_TR.jpg,,Highlights,1/23/2025
TR_06031PRV_TR.jpg,,Highlights,1/23/2025
TR_06032PRV_TR.jpg,,Highlights,1/23/2025
TR_06033PRV_TR.jpg,,Highlights,1/23/2025
TR_06041PRV_TR.jpg,,Highlights,1/23/2025
TR_06043PRV_TR.jpg,,Highlights,1/23/2025
TR_06048PRV_TR.jpg,,Highlights,1/23/2025
TR_06049PRV_TR.jpg,,Highlights,1/23/2025
TR_06050PRV_TR.jpg,,Highlights,1/23/2025
TR_06055PRV_TR.jpg,,Highlights,1/23/2025
TR_06056PRV_TR.jpg,,Highlights,1/23/2025
TR_06058PRV_TR.jpg,,Highlights,1/23/2025
TR_06061PRV_TR.jpg,,Highlights,1/23/2025
TR_06062PRV_TR.jpg,,Highlights,1/23/2025
TR_06064PRV_TR.jpg,,Highlights,1/23/2025
TR_06066PRV_TR.jpg,,Highlights,1/23/2025
TR_06068PRV_TR.jpg,,Highlights,1/23/2025
TR_06072PRV_TR.jpg,,Highlights,1/23/2025
TR_06073PRV_TR.jpg,,Highlights,1/23/2025
TR_06074PRV_TR.jpg,,Highlights,1/23/2025
TR_06075PRV_TR.jpg,,Highlights,1/23/2025
TR_06079PRV_TR.jpg,,Highlights,1/23/2025
TR_06081PRV_TR.jpg,,Highlights,1/23/2025
TR_06083PRV_TR.jpg,,Highlights,1/23/2025
TR_06104PRV_TR.jpg,,Highlights,1/23/2025
TR_06107PRV_TR.jpg,,Highlights,1/23/2025
TR_06108PRV_TR.jpg,,Highlights,1/23/2025
TR_06111PRV_TR.jpg,,Highlights,1/23/2025
TR_06114PRV_TR.jpg,,Highlights,1/23/2025
TR_06119PRV_TR.jpg,,Highlights,1/23/2025
TR_06123PRV_TR.jpg,,Highlights,1/23/2025
TR_06128PRV_TR.jpg,,Highlights,1/23/2025
TR_06132PRV_TR.jpg,,Highlights,1/23/2025
TR_06144PRV_TR.jpg,,Highlights,1/23/2025
TR_06146PRV_TR.jpg,,Highlights,1/23/2025
TR_06149PRV_TR.jpg,,Highlights,1/23/2025
TR_06159PRV_TR.jpg,,Highlights,1/23/2025
TR_06165PRV_TR.jpg,,Highlights,1/23/2025
TR_06168PRV_TR.jpg,,Highlights,1/23/2025
TR_06171PRV_TR.jpg,,Highlights,1/23/2025
TR_06180PRV_TR.jpg,,Highlights,1/23/2025
TR_06186PRV_TR.jpg,,Highlights,1/23/2025
TR_06201PRV_TR.jpg,,Highlights,1/23/2025
TR_06206PRV_TR.jpg,,Highlights,1/23/2025
TR_06216PRV_TR.jpg,,Highlights,1/23/2025
TR_06218PRV_TR.jpg,,Highlights,1/23/2025
TR_06227PRV_TR.jpg,,Highlights,1/23/2025
TR_06231PRV_TR.jpg,,Highlights,1/23/2025
TR_06236PRV_TR.jpg,,Highlights,1/23/2025
TR_06239PRV_TR.jpg,,Highlights,1/23/2025
TR_06243PRV_TR.jpg,,Highlights,1/23/2025
TR_06245PRV_TR.jpg,,Highlights,1/23/2025
TR_06247PRV_TR.jpg,,Highlights,1/23/2025
TR_06252PRV_TR.jpg,,Highlights,1/23/2025
TR_06253PRV_TR.jpg,,Highlights,1/23/2025
TR_06258PRV_TR.jpg,,Highlights,1/23/2025
TR_06261PRV_TR.jpg,,Highlights,1/23/2025
TR_06263PRV_TR.jpg,,Highlights,1/23/2025
TR_06267PRV_TR.jpg,,Highlights,1/23/2025
TR_06272PRV_TR.jpg,,Highlights,1/23/2025
TR_06273PRV_TR.jpg,,Highlights,1/23/2025
TR_06274PRV_TR.jpg,,Highlights,1/23/2025
TR_06275PRV_TR.jpg,,Highlights,1/23/2025
TR_06277PRV_TR.jpg,,Highlights,1/23/2025
TR_06281PRV_TR.jpg,,Highlights,1/23/2025
TR_06286PRV_TR.jpg,,Highlights,1/23/2025
TR_06293PRV_TR.jpg,,Highlights,1/23/2025
TR_06304PRV_TR.jpg,,Highlights,1/23/2025
TR_06314PRV_TR.jpg,,Highlights,1/23/2025
TR_06317PRV_TR.jpg,,Highlights,1/23/2025
TR_06321PRV_TR.jpg,,Highlights,1/23/2025
TR_06326PRV_TR.jpg,,Highlights,1/23/2025
TR_06332PRV_TR.jpg,,Highlights,1/23/2025
TR_06335PRV_TR.jpg,,Highlights,1/23/2025
TR_06339PRV_TR.jpg,,Highlights,1/23/2025
TR_06353PRV_TR.jpg,,Highlights,1/23/2025
TR_06356PRV_TR.jpg,,Highlights,1/23/2025
TR_06357PRV_TR.jpg,,Highlights,1/23/2025
TR_06359PRV_TR.jpg,,Highlights,1/23/2025
TR_06361PRV_TR.jpg,,Highlights,1/23/2025
TR_06370PRV_TR.jpg,,Highlights,1/23/2025
TR_06372PRV_TR.jpg,,Highlights,1/23/2025
TR_06375PRV_TR.jpg,,Highlights,1/23/2025
TR_06381PRV_TR.jpg,,Highlights,1/23/2025
TR_06387PRV_TR.jpg,,Highlights,1/23/2025
TR_06388PRV_TR.jpg,,Highlights,1/23/2025
TR_06392PRV_TR.jpg,,Highlights,1/23/2025
TR_06396PRV_TR.jpg,,Highlights,1/23/2025
TR_06406PRV_TR.jpg,,Highlights,1/23/2025
TR_06409PRV_TR.jpg,,Highlights,1/23/2025
TR_06410PRV_TR.jpg,,Highlights,1/23/2025
TR_06413PRV_TR.jpg,,Highlights,1/23/2025
TR_06414PRV_TR.jpg,,Highlights,1/23/2025
TR_06415PRV_TR.jpg,,Highlights,1/23/2025
TR_06422PRV_TR.jpg,,Highlights,1/23/2025
TR_06423PRV_TR.jpg,,Highlights,1/23/2025
TR_06427PRV_TR.jpg,,Highlights,1/23/2025
TR_06433PRV_TR.jpg,,Highlights,1/23/2025
TR_06437PRV_TR.jpg,,Highlights,1/23/2025
TR_06441PRV_TR.jpg,,Highlights,1/23/2025
TR_06443PRV_TR.jpg,,Highlights,1/23/2025
TR_06450PRV_TR.jpg,,Highlights,1/23/2025
TR_06453PRV_TR.jpg,,Highlights,1/23/2025
TR_06455PRV_TR.jpg,,Highlights,1/23/2025
TR_06457PRV_TR.jpg,,Highlights,1/23/2025
TR_06459PRV_TR.jpg,,Highlights,1/23/2025
TR_06461PRV_TR.jpg,,Highlights,1/23/2025
TR_06467PRV_TR.jpg,,Highlights,1/23/2025
TR_06473PRV_TR.jpg,,Highlights,1/23/2025
TR_06475PRV_TR.jpg,,Highlights,1/23/2025
TR_06477PRV_TR.jpg,,Highlights,1/23/2025
TR_06485PRV_TR.jpg,,Highlights,1/23/2025
TR_06487PRV_TR.jpg,,Highlights,1/23/2025
TR_06489PRV_TR.jpg,,Highlights,1/23/2025
TR_06491PRV_TR.jpg,,Highlights,1/23/2025
TR_06492PRV_TR.jpg,,Highlights,1/23/2025
TR_06495PRV_TR.jpg,,Highlights,1/23/2025
TR_06506PRV_TR.jpg,,Highlights,1/23/2025
TR_06515PRV_TR.jpg,,Highlights,1/23/2025
TR_06518PRV_TR.jpg,,Highlights,1/23/2025
TR_06519PRV_TR.jpg,,Highlights,1/23/2025
TR_06524PRV_TR.jpg,,Highlights,1/23/2025
TR_06531PRV_TR.jpg,,Highlights,1/23/2025
TR_06549PRV_TR.jpg,,Highlights,1/23/2025
TR_06554PRV_TR.jpg,,Highlights,1/23/2025
TR_06556PRV_TR.jpg,,Highlights,1/23/2025
TR_06561PRV_TR.jpg,,Highlights,1/23/2025
TR_06569PRV_TR.jpg,,Highlights,1/23/2025
TR_06572PRV_TR.jpg,,Highlights,1/23/2025
TR_06576PRV_TR.jpg,,Highlights,1/23/2025
TR_06581PRV_TR.jpg,,Highlights,1/23/2025
TR_06584PRV_TR.jpg,,Highlights,1/23/2025
TR_06586PRV_TR.jpg,,Highlights,1/23/2025
TR_06591PRV_TR.jpg,,Highlights,1/23/2025
TR_06594PRV_TR.jpg,,Highlights,1/23/2025
TR_06595PRV_TR.jpg,,Highlights,1/23/2025
TR_06597PRV_TR.jpg,,Highlights,1/23/2025
TR_06601PRV_TR.jpg,,Highlights,1/23/2025
TR_06606PRV_TR.jpg,,Highlights,1/23/2025
TR_06607PRV_TR.jpg,,Highlights,1/23/2025
TR_06609PRV_TR.jpg,,Highlights,1/23/2025
TR_06620PRV_TR.jpg,,Highlights,1/23/2025
TR_06623PRV_TR.jpg,,Highlights,1/23/2025
TR_06624PRV_TR.jpg,,Highlights,1/23/2025
TR_06629PRV_TR.jpg,,Highlights,1/23/2025
TR_06631PRV_TR.jpg,,Highlights,1/23/2025
TR_06641PRV_TR.jpg,,Highlights,1/23/2025
TR_06651PRV_TR.jpg,,Highlights,1/23/2025
TR_06656PRV_TR.jpg,,Highlights,1/23/2025
TR_06658PRV_TR.jpg,,Highlights,1/23/2025
TR_06659PRV_TR.jpg,,Highlights,1/23/2025
TR_06660PRV_TR.jpg,,Highlights,1/23/2025
TR_06662PRV_TR.jpg,,Highlights,1/23/2025
TR_06665PRV_TR.jpg,,Highlights,1/23/2025
TR_06667PRV_TR.jpg,,Highlights,1/23/2025
TR_06668PRV_TR.jpg,,Highlights,1/23/2025
TR_06675PRV_TR.jpg,,Highlights,1/23/2025
TR_06677PRV_TR.jpg,,Highlights,1/23/2025
TR_06683PRV_TR.jpg,,Highlights,1/23/2025
TR_06685PRV_TR.jpg,,Highlights,1/23/2025
TR_06687PRV_TR.jpg,,Highlights,1/23/2025
TR_06693PRV_TR.jpg,,Highlights,1/23/2025
TR_06699PRV_TR.jpg,,Highlights,1/23/2025
TR_06705PRV_TR.jpg,,Highlights,1/23/2025
TR_06706PRV_TR.jpg,,Highlights,1/23/2025
TR_06709PRV_TR.jpg,,Highlights,1/23/2025
TR_06712PRV_TR.jpg,,Highlights,1/23/2025
TR_06716PRV_TR.jpg,,Highlights,1/23/2025
TR_06720PRV_TR.jpg,,Highlights,1/23/2025
TR_06721PRV_TR.jpg,,Highlights,1/23/2025
TR_06727PRV_TR.jpg,,Highlights,1/23/2025
TR_06728PRV_TR.jpg,,Highlights,1/23/2025
TR_06730PRV_TR.jpg,,Highlights,1/23/2025
TR_06734PRV_TR.jpg,,Highlights,1/23/2025
TR_06737PRV_TR.jpg,,Highlights,1/23/2025
TR_06741PRV_TR.jpg,,Highlights,1/23/2025
TR_06742PRV_TR.jpg,,Highlights,1/23/2025
TR_06744PRV_TR.jpg,,Highlights,1/23/2025
TR_06746PRV_TR.jpg,,Highlights,1/23/2025
TR_06752PRV_TR.jpg,,Highlights,1/23/2025
TR_06755PRV_TR.jpg,,Highlights,1/23/2025
TR_06758PRV_TR.jpg,,Highlights,1/23/2025
TR_06759PRV_TR.jpg,,Highlights,1/23/2025
TR_06760PRV_TR.jpg,,Highlights,1/23/2025
TR_06761PRV_TR.jpg,,Highlights,1/23/2025
TR_06765PRV_TR.jpg,,Highlights,1/23/2025
TR_06766PRV_TR.jpg,,Highlights,1/23/2025
TR_06768PRV_TR.jpg,,Highlights,1/23/2025
TR_06771PRV_TR.jpg,,Highlights,1/23/2025
TR_06772PRV_TR.jpg,,Highlights,1/23/2025
TR_06773PRV_TR.jpg,,Highlights,1/23/2025
TR_06775PRV_TR.jpg,,Highlights,1/23/2025
TR_06782PRV_TR.jpg,,Highlights,1/23/2025
TR_06788PRV_TR.jpg,,Highlights,1/23/2025
TR_06789PRV_TR.jpg,,Highlights,1/23/2025
TR_06790PRV_TR.jpg,,Highlights,1/23/2025
TR_06791PRV_TR.jpg,,Highlights,1/23/2025
TR_06796PRV_TR.jpg,,Highlights,1/23/2025
TR_06797PRV_TR.jpg,,Highlights,1/23/2025
TR_06804PRV_TR.jpg,,Highlights,1/23/2025
TR_06808PRV_TR.jpg,,Highlights,1/23/2025
TR_06810PRV_TR.jpg,,Highlights,1/23/2025
TR_06816PRV_TR.jpg,,Highlights,1/23/2025
TR_06820PRV_TR.jpg,,Highlights,1/23/2025
TR_06822PRV_TR.jpg,,Highlights,1/23/2025
TR_06831PRV_TR.jpg,,Highlights,1/23/2025
TR_06835PRV_TR.jpg,,Highlights,1/23/2025
TR_06837PRV_TR.jpg,,Highlights,1/23/2025
TR_06838PRV_TR.jpg,,Highlights,1/23/2025
TR_06840PRV_TR.jpg,,Highlights,1/23/2025
TR_06842PRV_TR.jpg,,Highlights,1/23/2025
TR_06848PRV_TR.jpg,,Highlights,1/23/2025
TR_06851PRV_TR.jpg,,Highlights,1/23/2025
TR_06852PRV_TR.jpg,,Highlights,1/23/2025
TR_06859PRV_TR.jpg,,Highlights,1/23/2025
TR_06861PRV_TR.jpg,,Highlights,1/23/2025
TR_06862PRV_TR.jpg,,Highlights,1/23/2025
TR_06864PRV_TR.jpg,,Highlights,1/23/2025
TR_06870PRV_TR.jpg,,Highlights,1/23/2025
TR_06872PRV_TR.jpg,,Highlights,1/23/2025
TR_06873PRV_TR.jpg,,Highlights,1/23/2025
TR_06874PRV_TR.jpg,,Highlights,1/23/2025
TR_06879PRV_TR.jpg,,Highlights,1/23/2025
TR_06880PRV_TR.jpg,,Highlights,1/23/2025
TR_06881PRV_TR.jpg,,Highlights,1/23/2025
TR_06882PRV_TR.jpg,,Highlights,1/23/2025
TR_06883PRV_TR.jpg,,Highlights,1/23/2025
TR_06885PRV_TR.jpg,,Highlights,1/23/2025
TR_06888PRV_TR.jpg,,Highlights,1/23/2025
TR_06892PRV_TR.jpg,,Highlights,1/23/2025
TR_06900PRV_TR.jpg,,Highlights,1/23/2025
TR_06903PRV_TR.jpg,,Highlights,1/23/2025
TR_06909PRV_TR.jpg,,Highlights,1/23/2025
TR_06918PRV_TR.jpg,,Highlights,1/23/2025
TR_06922PRV_TR.jpg,,Highlights,1/23/2025
TR_06928PRV_TR.jpg,,Highlights,1/23/2025
TR_06940PRV_TR.jpg,,Highlights,1/23/2025
TR_06950PRV_TR.jpg,,Highlights,1/23/2025
TR_06958PRV_TR.jpg,,Highlights,1/23/2025
TR_06961PRV_TR.jpg,,Highlights,1/23/2025
TR_06971PRV_TR.jpg,,Highlights,1/23/2025
TR_06972PRV_TR.jpg,,Highlights,1/23/2025
TR_06983PRV_TR.jpg,,Highlights,1/23/2025
TR_06991PRV_TR.jpg,,Highlights,1/23/2025
TR_06993PRV_TR.jpg,,Highlights,1/23/2025
TR_07004PRV_TR.jpg,,Highlights,1/23/2025
TR_07006PRV_TR.jpg,,Highlights,1/23/2025
TR_07011PRV_TR.jpg,,Highlights,1/23/2025
TR_07012PRV_TR.jpg,,Highlights,1/23/2025
TR_07016PRV_TR.jpg,,Highlights,1/23/2025
TR_07032PRV_TR.jpg,,Highlights,1/23/2025
TR_07040PRV_TR.jpg,,Highlights,1/23/2025
TR_07046PRV_TR.jpg,,Highlights,1/23/2025
TR_07053PRV_TR.jpg,,Highlights,1/23/2025
TR_07057PRV_TR.jpg,,Highlights,1/23/2025
TR_07081PRV_TR.jpg,,Highlights,1/23/2025
TR_07083PRV_TR.jpg,,Highlights,1/23/2025
TR_07091PRV_TR.jpg,,Highlights,1/23/2025
TR_07093PRV_TR.jpg,,Highlights,1/23/2025
TR_07095PRV_TR.jpg,,Highlights,1/23/2025
TR_07103PRV_TR.jpg,,Highlights,1/23/2025
TR_07107PRV_TR.jpg,,Highlights,1/23/2025
TR_07108PRV_TR.jpg,,Highlights,1/23/2025
TR_07111PRV_TR.jpg,,Highlights,1/23/2025
TR_07112PRV_TR.jpg,,Highlights,1/23/2025
TR_07115PRV_TR.jpg,,Highlights,1/23/2025
TR_07116PRV_TR.jpg,,Highlights,1/23/2025
TR_07121PRV_TR.jpg,,Highlights,1/23/2025
TR_07124PRV_TR.jpg,,Highlights,1/23/2025
TR_07125PRV_TR.jpg,,Highlights,1/23/2025
TR_07126PRV_TR.jpg,,Highlights,1/23/2025
TR_07129PRV_TR.jpg,,Highlights,1/23/2025
TR_07130PRV_TR.jpg,,Highlights,1/23/2025
TR_07133PRV_TR.jpg,,Highlights,1/23/2025
TR_07154PRV_TR.jpg,,Highlights,1/23/2025
TR_07157PRV_TR.jpg,,Highlights,1/23/2025
TR_07161PRV_TR.jpg,,Highlights,1/23/2025
TR_07162PRV_TR.jpg,,Highlights,1/23/2025
TR_07165PRV_TR.jpg,,Highlights,1/23/2025
TR_07166PRV_TR.jpg,,Highlights,1/23/2025
TR_07167PRV_TR.jpg,,Highlights,1/23/2025
TR_07168PRV_TR.jpg,,Highlights,1/23/2025
TR_07176PRV_TR.jpg,,Highlights,1/23/2025
TR_07177PRV_TR.jpg,,Highlights,1/23/2025
TR_07178PRV_TR.jpg,,Highlights,1/23/2025
TR_07180PRV_TR.jpg,,Highlights,1/23/2025
TR_07181PRV_TR.jpg,,Highlights,1/23/2025
TR_07184PRV_TR.jpg,,Highlights,1/23/2025
TR_07187PRV_TR.jpg,,Highlights,1/23/2025
TR_07189PRV_TR.jpg,,Highlights,1/23/2025
TR_07199PRV_TR.jpg,,Highlights,1/23/2025
TR_07200PRV_TR.jpg,,Highlights,1/23/2025
TR_07203PRV_TR.jpg,,Highlights,1/23/2025
TR_07205PRV_TR.jpg,,Highlights,1/23/2025
TR_07208PRV_TR.jpg,,Highlights,1/23/2025
TR_07214PRV_TR.jpg,,Highlights,1/23/2025
TR_07216PRV_TR.jpg,,Highlights,1/23/2025
TR_07217PRV_TR.jpg,,Highlights,1/23/2025
TR_07221PRV_TR.jpg,,Highlights,1/23/2025
TR_07237PRV_TR.jpg,,Highlights,1/23/2025
TR_07239PRV_TR.jpg,,Highlights,1/23/2025
TR_07247PRV_TR.jpg,,Highlights,1/23/2025
TR_07249PRV_TR.jpg,,Highlights,1/23/2025
